Url,Module,FE_Service,FE_Action
/adminapi/api/v1/customer/classify/age,api,CustomerService.ts,classifyAge
/adminapi/api/v1/customer/classify/campaignJoined,api,CustomerService.ts,classifyCampaignJoined
/adminapi/api/v1/customer/classify/custArea,api,CustomerService.ts,classifyCustArea
/adminapi/api/v1/customer/classify/custCareer,api,CustomerService.ts,classifyCustCareer
/adminapi/api/v1/customer/classify/custGroup,api,CustomerService.ts,classifyCustGroup
/adminapi/api/v1/customer/classify/custSource,api,CustomerService.ts,classifyCustSource
/adminapi/api/v1/customer/classify/custType,api,CustomerService.ts,classifyCustType
/adminapi/api/v1/customer/classify/customerCard,api,CustomerService.ts,classifyCustomerCard
/adminapi/api/v1/customer/classify/gender,api,CustomerService.ts,classifyGender
/adminapi/api/v1/customer/classify/identify,api,CustomerService.ts,classifyIdentify
/adminapi/api/v1/customer/classify/interactTimes,api,CustomerService.ts,classifyInteractTimes
/adminapi/api/v1/customer/classify/notInteractDay,api,CustomerService.ts,classifyNotInteractDay
/adminapi/api/v1/customer/classify/topBought,api,CustomerService.ts,classifyTopBought
/adminapi/api/v1/customer/classify/topInteract,api,CustomerService.ts,classifyTopInteract
/adminapi/api/v1/customer/classify/topRevenue,api,CustomerService.ts,classifyTopRevenue
/adminapi/api/v1/customer/classify/topValueInvoice,api,CustomerService.ts,classifyTopValueInvoice
/adminapi/api/v1/score/action,api,CampaignService.ts,listActionScore
/adminapi/api/v1/score/campaign,api,CampaignService.ts,listDataStep3
/adminapi/api/v1/score/insertMulti,api,CampaignService.ts,updateStep3
/adminapi/app/delete,app,InstallApplicationService.ts,delete
/adminapi/app/get,app,InstallApplicationService.ts,detail
/adminapi/app/get/key,app,InstallApplicationService.ts,takeKey
/adminapi/app/list,app,InstallApplicationService.ts,list
/adminapi/app/update,app,InstallApplicationService.ts,update
/adminapi/approvalObject/reset,approvalObject,FSQuoteService.ts,resetSignal
/adminapi/artifactGridHeader/list,artifactGridHeader,GridService.ts,list
/adminapi/athena/account-info,athena,EmployeeAgentService.ts,listAthena
/adminapi/bpm/list/eform,bpm,BpmEformMappingService.ts,lstEform
/adminapi/bpmForm/reject,bpmForm,WorkOrderService.ts,updateReject
/adminapi/brandname/get,brandname,unknown,detail
/adminapi/campaign/sale-point-config/get,campaign,CampaignService.ts,listDataScoreEmployee
/adminapi/campaign/sale-point-config/update,campaign,CampaignService.ts,updateStep4
/adminapi/campaign/update/kpi,campaign,KpiService.ts,updateKpi
/adminapi/campaignApproach/update/sla,campaignApproach,unknown,updateSLA
/adminapi/campaignOpportunity/check,campaignOpportunity,CampaignOpportunityService.ts,opportunityCheck
/adminapi/campaignOpportunity/exportAction,campaignOpportunity,CampaignService.ts,exportAction
/adminapi/campaignOpportunity/exportCustomer,campaignOpportunity,CampaignService.ts,exportCustomer
/adminapi/campaignOpportunity/exportResult,campaignOpportunity,CampaignService.ts,exportResult
/adminapi/campaignOpportunity/statisticConvertRate,campaignOpportunity,CampaignService.ts,statisticConvertRate
/adminapi/campaignOpportunity/total/dashboard/detail,campaignOpportunity,unknown,totalOpportunityDetail
/adminapi/campaignOpportunity/totalByApproach/dashboard,campaignOpportunity,unknown,totalByApproach
/adminapi/campaignOpportunity/totalByDate/dashboard,campaignOpportunity,unknown,opportunityByDate
/adminapi/campaignOpportunity/totalExpectedRevenue/dashboard,campaignOpportunity,unknown,expectedRevenue
/adminapi/campaignOpportunity/totalExpectedRevenue/dashboard/detail,campaignOpportunity,unknown,expectedRevenueDetail
/adminapi/campaignPipeline/delete,campaignPipeline,CampaignPipelineService.ts,delete
/adminapi/campaignPipeline/get,campaignPipeline,CampaignPipelineService.ts,detail
/adminapi/campaignPipeline/list,campaignPipeline,CampaignPipelineService.ts,list
/adminapi/campaignPipeline/update,campaignPipeline,CampaignPipelineService.ts,update
/adminapi/campaignSale/interaction/employee,campaignSale,KpiService.ts,listEmployeeKpiContact
/adminapi/campaignSale/interaction/kpis,campaignSale,KpiService.ts,addEmployeeToKpiContact
/adminapi/chatgpt/chat,chatgpt,ChatBotService.ts,update
/adminapi/chatlog/list,chatlog,ChatBotService.ts,lst
/adminapi/cleanData/uploadCustomer/delete,cleanData,unknown,customerUploadDelete
/adminapi/contact/export/attributes,contact,ContactService.ts,exAttributes
/adminapi/contact/export/randomContacts,contact,ContactService.ts,numberFieldContact
/adminapi/contact/import,contact,ContactService.ts,downloadFile
/adminapi/contact/import/autoProcess,contact,ContactService.ts,autoProcess
/adminapi/contact/placeholder,contact,PlaceholderService.ts,contact
/adminapi/contactAttribute/checkDuplicated,contactAttribute,ContactAttributeService.ts,checkDuplicated
/adminapi/contactExchange/get,contactExchange,ContactService.ts,updateContactExchange
/adminapi/contactPipeline/get,contactPipeline,ContactPipelineService.ts,detail
/adminapi/contactStatus/get,contactStatus,ContactStatusService.ts,detail
/adminapi/contract/email-contract,contract,ContractService.ts,sendContract
/adminapi/contract/email-quote,contract,ContractService.ts,sendQuote
/adminapi/contract/update-and-init,contract,ContractService.ts,updateAndInit
/adminapi/contractAttachment/delete,contractAttachment,ContractAttachmentService.ts,contractAttachmentDelete
/adminapi/contractAttachment/get,contractAttachment,unknown,contractAttachmentDetail
/adminapi/contractAttachment/list,contractAttachment,ContractAttachmentService.ts,contractAttachmentList
/adminapi/contractAttachment/update,contractAttachment,ContractAttachmentService.ts,contractAttachmentUpdate
/adminapi/contractAttribute/checkDuplicated,contractAttribute,ContractAttributeService.ts,checkDuplicated
/adminapi/contractAttribute/delete,contractAttribute,ContractAttributeService.ts,delete
/adminapi/contractAttribute/list,contractAttribute,ContractAttributeService.ts,list
/adminapi/contractAttribute/listAll,contractAttribute,ContractAttributeService.ts,listAll
/adminapi/contractAttribute/listFilter,contractAttribute,ContractService.ts,fieldTable
/adminapi/contractAttribute/update,contractAttribute,ContractAttributeService.ts,update
/adminapi/contractCategory/delete,contractCategory,ContractCategoryService.ts,delete
/adminapi/contractCategory/get,contractCategory,ContractCategoryService.ts,detail
/adminapi/contractCategory/list,contractCategory,ContractCategoryService.ts,list
/adminapi/contractCategory/update,contractCategory,ContractCategoryService.ts,update
/adminapi/contractEform/get/criteria,contractEform,ContractEformService.ts,contractEformDetail
/adminapi/contractEform/update,contractEform,ContractEformService.ts,contractEformUpdate
/adminapi/contractExchange/get,contractExchange,ContractService.ts,updateContractExchange
/adminapi/contractExtraInfo/list,contractExtraInfo,ContractExtraInfoService.ts,list
/adminapi/contractHandover/delete,contractHandover,ContractService.ts,deleteHandoverProgress
/adminapi/contractHandover/list,contractHandover,ContractService.ts,listHandoverProgress
/adminapi/contractHandover/update,contractHandover,ContractService.ts,updateHandoverProgress
/adminapi/contractInvestorPayment/delete,contractInvestorPayment,unknown,delete
/adminapi/contractInvestorPayment/get,contractInvestorPayment,unknown,detail
/adminapi/contractInvestorPayment/list,contractInvestorPayment,unknown,list
/adminapi/contractInvestorPayment/update,contractInvestorPayment,unknown,update
/adminapi/contractItem/update,contractItem,ContractService.ts,updateHandover
/adminapi/contractPayment/get,contractPayment,ContractPaymentService.ts,detail
/adminapi/contractPipeline/get,contractPipeline,ContractPipelineService.ts,detail
/adminapi/contractProgress/delete,contractProgress,unknown,delete
/adminapi/contractProgress/get,contractProgress,unknown,detail
/adminapi/contractProgress/list,contractProgress,unknown,list
/adminapi/contractProgress/update,contractProgress,unknown,update
/adminapi/contractQuote/deleteByQuoteId,contractQuote,ProcessedObjectService.ts,deleteQuoteContract
/adminapi/contractQuote/list,contractQuote,ProcessedObjectService.ts,lstQuoteContract
/adminapi/contractQuote/update,contractQuote,ProcessedObjectService.ts,updateQuoteContract
/adminapi/contractRequest/list,contractRequest,ContractService.ts,listCodeSuggest
/adminapi/contractStage/get,contractStage,ContractStageService.ts,detail
/adminapi/contractSubPipeline/update,contractSubPipeline,ContractPipelineService.ts,contractSubPipelineUpdate
/adminapi/contractWarrantyAlert/list,contractWarrantyAlert,ContractService.ts,warrantyAlertList
/adminapi/contractWarrantyAlert/update,contractWarrantyAlert,ContractService.ts,warrantyAlertUpdate
/adminapi/contractWarrantyAttachment/delete,contractWarrantyAttachment,unknown,warrantyAttachmentDelete
/adminapi/contractWarrantyAttachment/list,contractWarrantyAttachment,unknown,warrantyAttachmentList
/adminapi/contractWarrantyAttachment/update,contractWarrantyAttachment,unknown,warrantyAttachmentUpdate
/adminapi/contractWarrantyAttribute/checkDuplicated,contractWarrantyAttribute,unknown,checkDuplicated
/adminapi/contractWarrantyAttribute/delete,contractWarrantyAttribute,unknown,delete
/adminapi/contractWarrantyAttribute/list,contractWarrantyAttribute,unknown,list
/adminapi/contractWarrantyAttribute/listAll,contractWarrantyAttribute,unknown,listAll
/adminapi/contractWarrantyAttribute/update,contractWarrantyAttribute,unknown,update
/adminapi/contractWarrantyExtraInfo/list,contractWarrantyExtraInfo,unknown,list
/adminapi/contractWarrantyType/delete,contractWarrantyType,unknown,warrantyTypeDelete
/adminapi/contractWarrantyType/list,contractWarrantyType,unknown,warrantyTypeList
/adminapi/contractWarrantyType/update,contractWarrantyType,unknown,warrantyTypeUpdate
/adminapi/customer/placeholder,customer,PlaceholderService.ts,customer
/adminapi/customer/reset_to_new,customer,CustomerService.ts,resetDataCustomer
/adminapi/customer/zalo/oa,customer,CustomerService.ts,customerZaloOA
/adminapi/customerAttribute/listFilter,customerAttribute,CustomerService.ts,filterTable
/adminapi/customerCall/list,customerCall,DoctorQnAService.ts,customerCallList
/adminapi/customerEmail/list,customerEmail,HistorySendService.ts,historySendEmail
/adminapi/customerExchange/attachment/list,customerExchange,CustomerService.ts,lstAttachments
/adminapi/customerObject/getTop,customerObject,CustomerService.ts,serviceSuggestionsv2
/adminapi/customerObject/list,customerObject,CustomerService.ts,serviceSuggestions
/adminapi/customerReport/action/list,customerReport,CustomerService.ts,descCustomerReport
/adminapi/customerSms/list,customerSms,HistorySendService.ts,historySendSMS
/adminapi/customerUpload/list,customerUpload,CustomerService.ts,lstUpload
/adminapi/customerView/delete,customerView,CustomerViewService.ts,delete
/adminapi/customerView/list,customerView,CustomerViewService.ts,list
/adminapi/customerView/update,customerView,CustomerViewService.ts,update
/adminapi/customerZalo/list,customerZalo,HistorySendService.ts,historySendZalo
/adminapi/cxmOption/get,cxmOption,CxmOptionService.ts,detail
/adminapi/cxmOption/list,cxmOption,CxmOptionService.ts,list
/adminapi/cxmQuestion/get,cxmQuestion,CxmQuestionService.ts,detail
/adminapi/cxmQuestion/list,cxmQuestion,CxmQuestionService.ts,list
/adminapi/cxmQuestionCondition/delete,cxmQuestionCondition,unknown,delete
/adminapi/cxmQuestionCondition/get,cxmQuestionCondition,unknown,detail
/adminapi/cxmQuestionCondition/list,cxmQuestionCondition,unknown,list
/adminapi/cxmQuestionCondition/update,cxmQuestionCondition,unknown,update
/adminapi/cxmResponse/delete,cxmResponse,unknown,delete
/adminapi/cxmResponse/get,cxmResponse,unknown,detail
/adminapi/cxmResponse/list,cxmResponse,unknown,list
/adminapi/cxmResponse/update,cxmResponse,unknown,update
/adminapi/cxmResponseDetail/delete,cxmResponseDetail,unknown,delete
/adminapi/cxmResponseDetail/get,cxmResponseDetail,unknown,detail
/adminapi/cxmResponseDetail/list,cxmResponseDetail,unknown,list
/adminapi/cxmResponseDetail/update,cxmResponseDetail,unknown,update
/adminapi/cxmSurvey/get,cxmSurvey,CxmSurveyService.ts,detail
/adminapi/diarySurgery/delete,diarySurgery,DiarySurgeryService.ts,delete
/adminapi/diarySurgery/get,diarySurgery,DiarySurgeryService.ts,detail
/adminapi/diarySurgery/listAll,diarySurgery,DiarySurgeryService.ts,list
/adminapi/diarySurgery/update,diarySurgery,DiarySurgeryService.ts,update
/adminapi/earnings/admin/list,earnings,EarningsService.ts,filter
/adminapi/eformAttribute/checkDuplicated,eformAttribute,ContractEformService.ts,checkDuplicated
/adminapi/eformAttribute/delete,eformAttribute,ContractEformService.ts,deleteEformAttribute
/adminapi/eformAttribute/get,eformAttribute,ContractEformService.ts,detailEformAttribute
/adminapi/eformAttribute/list,eformAttribute,ContractEformService.ts,listEformAttribute
/adminapi/eformAttribute/listAll,eformAttribute,ContractEformService.ts,listEformAttributeAll
/adminapi/eformAttribute/update,eformAttribute,ContractEformService.ts,updateEformAttribute
/adminapi/eformExtraInfo/delete,eformExtraInfo,ContractEformService.ts,deleteEformExtraInfo
/adminapi/eformExtraInfo/get,eformExtraInfo,ContractEformService.ts,detailEformExtraInfo
/adminapi/eformExtraInfo/list,eformExtraInfo,ContractEformService.ts,listEformExtraInfo
/adminapi/eformExtraInfo/update,eformExtraInfo,ContractEformService.ts,updateEformExtraInfo
/adminapi/eformExtraInfo/update/position,eformExtraInfo,ContractEformService.ts,updateEformExtraInfoPosition
/adminapi/email/testConnection,email,EmailConfigService.ts,checkEmail
/adminapi/emailConfig/get,emailConfig,unknown,detail
/adminapi/emailRequest/approve,emailRequest,SendEmailService.ts,approveEmail
/adminapi/emailRequest/cancel,emailRequest,SendEmailService.ts,cancelEmail
/adminapi/emailRequest/delete,emailRequest,SendEmailService.ts,deleteEmail
/adminapi/emailRequest/get,emailRequest,SendEmailService.ts,detailEmail
/adminapi/emailRequest/list,emailRequest,SendEmailService.ts,listEmail
/adminapi/emailRequest/update,emailRequest,SendEmailService.ts,updateEmail
/adminapi/employeeAgent/delete,employeeAgent,EmployeeAgentService.ts,delete
/adminapi/employeeAgent/employeeId,employeeAgent,CustomerService.ts,getAccountCall
/adminapi/employeeAgent/list,employeeAgent,EmployeeAgentService.ts,list
/adminapi/employeeAgent/update,employeeAgent,EmployeeAgentService.ts,update
/adminapi/fanpage/connect,fanpage,FanpageFacebookService.ts,connect
/adminapi/fanpage/list,fanpage,FanpageFacebookService.ts,list
/adminapi/fanpage/remove,fanpage,FanpageFacebookService.ts,delete
/adminapi/fanpage/update,fanpage,FanpageFacebookService.ts,update
/adminapi/fanpageChat/list,fanpageChat,FanpageFacebookService.ts,listFanpageChat
/adminapi/fanpageChat/reply,fanpageChat,FanpageFacebookService.ts,replyFanpageChat
/adminapi/fanpageChat/send/attachment,fanpageChat,FanpageFacebookService.ts,fanpageChatSendAttachment
/adminapi/fanpageComment/delete,fanpageComment,FanpageFacebookService.ts,deleteFanpageComment
/adminapi/fanpageComment/hidden,fanpageComment,FanpageFacebookService.ts,hiddenFanpageComment
/adminapi/fanpageComment/list,fanpageComment,FanpageFacebookService.ts,listFanpageComment
/adminapi/fanpageComment/reply,fanpageComment,FanpageFacebookService.ts,replyFanpageComment
/adminapi/fanpageDialog/list,fanpageDialog,FanpageFacebookService.ts,listFanpageDialog
/adminapi/fanpagePost/get,fanpagePost,FanpageFacebookService.ts,fanpagePost
/adminapi/feedback/delete,feedback,ChatBotService.ts,delete
/adminapi/feedback/list/all,feedback,FeedbackService.ts,lst
/adminapi/feedback/update,feedback,FeedbackService.ts,update
/adminapi/feedback/update/status,feedback,FeedbackService.ts,changeStatus
/adminapi/filter-setting,filter-setting,CustomerService.ts,filterLstCustomer
/adminapi/filter-setting/customers/attributes,filter-setting,CustomerService.ts,customerAttributes
/adminapi/fs/clone,fs,FSQuoteService.ts,cloneFs
/adminapi/fs/delete,fs,FSQuoteService.ts,delete
/adminapi/fs/get,fs,FSQuoteService.ts,detail
/adminapi/fs/list,fs,FSQuoteService.ts,lst
/adminapi/fs/update,fs,FSQuoteService.ts,update
/adminapi/fs/update-and-init,fs,FSQuoteService.ts,updateAndInit
/adminapi/fs/update/status,fs,FSQuoteService.ts,updateStatus
/adminapi/fsForm/delete,fsForm,FSQuoteService.ts,fsFormDelete
/adminapi/fsForm/list,fsForm,FSQuoteService.ts,fsFormLst
/adminapi/fsForm/update,fsForm,FSQuoteService.ts,fsFormUpdate
/adminapi/fsForm/update/position,fsForm,FSQuoteService.ts,fsFormUpdatePostion
/adminapi/gift/delete,gift,unknown,delete
/adminapi/gift/list,gift,unknown,list
/adminapi/gift/update,gift,unknown,update
/adminapi/gift/update_objectid,gift,unknown,updateObjectId
/adminapi/globalConfig/delete,globalConfig,ConfigCodeService.ts,delete
/adminapi/globalConfig/get,globalConfig,ConfigCodeService.ts,detail
/adminapi/globalConfig/list,globalConfig,ConfigCodeService.ts,list
/adminapi/globalConfig/update,globalConfig,ConfigCodeService.ts,update
/adminapi/guarantee/export/attributes,guarantee,ContractGuaranteeService.ts,exAttributes
/adminapi/guarantee/export/randomGuarantees,guarantee,ContractGuaranteeService.ts,numberFieldGuarantee
/adminapi/guarantee/import,guarantee,ContractGuaranteeService.ts,downloadFile
/adminapi/guarantee/import/autoProcess,guarantee,ContractGuaranteeService.ts,autoProcess
/adminapi/guarantee/placeholder,guarantee,PlaceholderService.ts,guarantee
/adminapi/guarantee/statistical,guarantee,unknown,statistical
/adminapi/guaranteeAttribute/checkDuplicated,guaranteeAttribute,unknown,checkDuplicated
/adminapi/guaranteeAttribute/listAll,guaranteeAttribute,unknown,listAll
/adminapi/integrationConfig/delete,integrationConfig,IntegrationPartnerService.ts,delete
/adminapi/integrationConfig/update,integrationConfig,IntegrationPartnerService.ts,update
/adminapi/integrationLog/list,integrationLog,IntegrationPartnerService.ts,logList
/adminapi/integrationLog/update/status,integrationLog,IntegrationPartnerService.ts,updateStatus
/adminapi/integrationPartner/list,integrationPartner,IntegrationPartnerService.ts,list
/adminapi/investor/get,investor,unknown,detail_investor
/adminapi/investor/update,investor,unknown,update_investor
/adminapi/invoice/card-service/top,invoice,ReportService.ts,cardService
/adminapi/invoice/city/top,invoice,ReportService.ts,city
/adminapi/invoice/code,invoice,InvoiceService.ts,invoiceCode
/adminapi/invoice/create,invoice,InvoiceService.ts,create
/adminapi/invoice/debt,invoice,InvoiceService.ts,debtInvoice
/adminapi/invoice/employee/top,invoice,ReportService.ts,employee
/adminapi/invoice/get/sales,invoice,unknown,sales
/adminapi/invoice/list/v2,invoice,InvoiceService.ts,list
/adminapi/invoice/product/top,invoice,ReportService.ts,product
/adminapi/invoice/service/top,invoice,ReportService.ts,service
/adminapi/invoice/update/temp,invoice,InvoiceService.ts,temporarilyInvoice
/adminapi/invoice/using/card,invoice,InvoiceService.ts,historyUseCard
/adminapi/invoiceDetail/cardService,invoiceDetail,InvoiceService.ts,cardService
/adminapi/invoiceDetail/customer,invoiceDetail,InvoiceService.ts,invoiceDetailCustomer
/adminapi/invoiceDetail/import,invoiceDetail,InvoiceService.ts,invoiceDetail
/adminapi/invoiceDetail/list,invoiceDetail,InvoiceService.ts,invoiceDetailList
/adminapi/kpi/delete,kpi,KpiService.ts,delete
/adminapi/kpi/list,kpi,KpiService.ts,list
/adminapi/kpi/update,kpi,KpiService.ts,update
/adminapi/kpiApply/delete,kpiApply,KpiApplyService.ts,delete
/adminapi/kpiApply/get/byCampaignId,kpiApply,KpiService.ts,checkKpiCampaign
/adminapi/kpiApply/list,kpiApply,KpiApplyService.ts,list
/adminapi/kpiApply/update,kpiApply,KpiApplyService.ts,update
/adminapi/kpiDatasource/delete,kpiDatasource,KpiDatasourceService.ts,delete
/adminapi/kpiDatasource/update,kpiDatasource,KpiDatasourceService.ts,update
/adminapi/kpiExchange/delete,kpiExchange,KpiObjectService.ts,deleteKpiExchange
/adminapi/kpiExchange/get,kpiExchange,KpiObjectService.ts,updateKpiExchange
/adminapi/kpiExchange/update,kpiExchange,KpiObjectService.ts,addKpiExchange
/adminapi/kpiGoal/get,kpiGoal,KpiGoalService.ts,detail
/adminapi/kpiGoal/list,kpiGoal,KpiGoalService.ts,list
/adminapi/kpiObject/employee/result,kpiObject,KpiObjectService.ts,detailKpiEmployee
/adminapi/kpiObject/get,kpiObject,KpiObjectService.ts,detail
/adminapi/kpiObject/get/byObject,kpiObject,KpiService.ts,addEmployeeToKpi
/adminapi/kpiObject/update/web,kpiObject,KpiObjectService.ts,update
/adminapi/kpiSetup/update/web,kpiSetup,KpiSetupService.ts,update
/adminapi/kpiSetupObject/list/byKotId,kpiSetupObject,KpiService.ts,listGoalKpiEmployee
/adminapi/kpiSetupObject/update/web,kpiSetupObject,KpiService.ts,saveKpiEmployee
/adminapi/kpiTemplateGoal/list,kpiTemplateGoal,KpiTemplateGoalService.ts,list
/adminapi/ma/config-node/update,ma,MarketingAutomationService.ts,addNode
/adminapi/ma/config/get,ma,MarketingAutomationService.ts,detailConfigMA
/adminapi/ma/config/update,ma,MarketingAutomationService.ts,updateNode
/adminapi/ma/customer/get,ma,MarketingAutomationService.ts,listCustomerByType
/adminapi/ma/detail,ma,MarketingAutomationService.ts,detailMA
/adminapi/ma/node/delete,ma,MarketingAutomationService.ts,deleteNode
/adminapi/ma/statistic/byDate,ma,MarketingAutomationService.ts,listCustomerByDate
/adminapi/ma/statistic/custCard,ma,MarketingAutomationService.ts,listCustomerByCustCard
/adminapi/ma/statistic/custCareer,ma,MarketingAutomationService.ts,listCustomerByCareer
/adminapi/ma/statistic/custGroup,ma,MarketingAutomationService.ts,listCustomerByCustGroup
/adminapi/ma/update-config,ma,MarketingAutomationService.ts,updateConfigNode
/adminapi/ma/update/status,ma,MarketingAutomationService.ts,updateStatus
/adminapi/maCustomer/customers,maCustomer,MarketingAutomationService.ts,listCustomer
/adminapi/maCustomer/delete,maCustomer,MarketingAutomationService.ts,deleteCustomer
/adminapi/maCustomer/result,maCustomer,MarketingAutomationService.ts,detailCustomer
/adminapi/maMapping/get,maMapping,MarketingAutomationService.ts,detailMapping
/adminapi/maMapping/update,maMapping,MarketingAutomationService.ts,updateMapping
/adminapi/mailbox/delete,mailbox,MailboxService.ts,delete
/adminapi/mailbox/get,mailbox,MailboxService.ts,detail
/adminapi/mailbox/update,mailbox,MailboxService.ts,update
/adminapi/mailbox/update/viewer,mailbox,MailboxService.ts,updateViewer
/adminapi/mailbox/viewer,mailbox,MailboxService.ts,viewer
/adminapi/mailboxExchange/delete,mailboxExchange,MailboxService.ts,mailboxExchangeDelete
/adminapi/mailboxExchange/update,mailboxExchange,MailboxService.ts,mailboxExchangeUpdate
/adminapi/marketing/delete,marketing,CampaignMarketingService.ts,delete
/adminapi/marketing/get,marketing,CampaignMarketingService.ts,detail
/adminapi/marketing/list,marketing,CampaignMarketingService.ts,list
/adminapi/marketing/update,marketing,CampaignMarketingService.ts,update
/adminapi/marketing/update/status,marketing,CampaignMarketingService.ts,updateStatus
/adminapi/marketingBudget/delete,marketingBudget,CampaignMarketingService.ts,delete
/adminapi/marketingBudget/get,marketingBudget,CampaignMarketingService.ts,detail
/adminapi/marketingBudget/list,marketingBudget,CampaignMarketingService.ts,list
/adminapi/marketingBudget/update,marketingBudget,CampaignMarketingService.ts,update
/adminapi/marketingBudget/update/status,marketingBudget,CampaignMarketingService.ts,updateStatus
/adminapi/marketingChannel/delete,marketingChannel,CampaignMarketingService.ts,delete
/adminapi/marketingChannel/get,marketingChannel,CampaignMarketingService.ts,detail
/adminapi/marketingChannel/list,marketingChannel,CampaignMarketingService.ts,list
/adminapi/marketingChannel/update,marketingChannel,CampaignMarketingService.ts,update
/adminapi/marketingMeasurement/delete,marketingMeasurement,CampaignMarketingService.ts,delete
/adminapi/marketingMeasurement/get,marketingMeasurement,CampaignMarketingService.ts,detail
/adminapi/marketingMeasurement/list,marketingMeasurement,CampaignMarketingService.ts,list
/adminapi/marketingMeasurement/update,marketingMeasurement,CampaignMarketingService.ts,update
/adminapi/marketingReport/delete,marketingReport,CampaignMarketingService.ts,delete
/adminapi/marketingReport/get,marketingReport,CampaignMarketingService.ts,detail
/adminapi/marketingReport/list,marketingReport,CampaignMarketingService.ts,list
/adminapi/marketingReport/update,marketingReport,CampaignMarketingService.ts,update
/adminapi/module/delete,module,SubsystemAdministrationService.ts,delete
/adminapi/module/get,module,SubsystemAdministrationService.ts,detail
/adminapi/module/list,module,SubsystemAdministrationService.ts,list
/adminapi/module/update,module,SubsystemAdministrationService.ts,update
/adminapi/moduleResource/add,moduleResource,SubsystemAdministrationService.ts,addModuleResource
/adminapi/moduleResource/remove,moduleResource,SubsystemAdministrationService.ts,removeModuleResource
/adminapi/objectFeature/delete,objectFeature,ObjectFeatureService.ts,delete
/adminapi/objectFeature/detail,objectFeature,ObjectFeatureService.ts,detail
/adminapi/objectFeature/update,objectFeature,ObjectFeatureService.ts,update
/adminapi/offer/create,offer,unknown,create
/adminapi/offer/debt,offer,unknown,debtOffer
/adminapi/offer/delete,offer,unknown,cancelOffer
/adminapi/offer/list/v2,offer,unknown,list
/adminapi/offer/update/temp,offer,unknown,temporarilyOffer
/adminapi/offerCardService/delete,offerCardService,unknown,delete
/adminapi/offerCardService/list,offerCardService,unknown,list
/adminapi/offerCardService/update,offerCardService,unknown,add
/adminapi/offerCardService/update/cardNumber,offerCardService,unknown,update
/adminapi/offerDetail/cardService,offerDetail,unknown,cardService
/adminapi/offerDetail/customer,offerDetail,unknown,offerDetailCustomer
/adminapi/offerDetail/import,offerDetail,unknown,offerDetail
/adminapi/offerDetail/list,offerDetail,unknown,offerDetailList
/adminapi/offerProduct/delete,offerProduct,unknown,delete
/adminapi/offerProduct/get,offerProduct,unknown,detail
/adminapi/offerProduct/getBoughtProductByCustomerId,offerProduct,unknown,getByCustomer
/adminapi/offerProduct/list,offerProduct,unknown,list
/adminapi/offerProduct/update,offerProduct,unknown,addToInvoice
/adminapi/offerService/delete,offerService,unknown,delete
/adminapi/offerService/get,offerService,unknown,detail
/adminapi/offerService/getBoughtServiceByCustomerId,offerService,unknown,getByCustomer
/adminapi/offerService/update,offerService,unknown,addToInvoice
/adminapi/opportunity/delete,opportunity,CustomerService.ts,deleteOpportunity
/adminapi/opportunity/get,opportunity,CustomerService.ts,detailOpportunity
/adminapi/opportunity/update,opportunity,CustomerService.ts,createOpportunity
/adminapi/opportunityEform/get/criteria,opportunityEform,CampaignOpportunityService.ts,opportunityEformDetail
/adminapi/opportunityEform/update,opportunityEform,CampaignOpportunityService.ts,opportunityEformUpdate
/adminapi/opportunityExchange/get,opportunityExchange,CampaignOpportunityService.ts,updateOpportunityExchange
/adminapi/opportunityProcess,opportunityProcess,CampaignService.ts,convertRate
/adminapi/order-request/delete-soft,order-request,unknown,delete
/adminapi/order-request/export,order-request,unknown,export
/adminapi/order-request/get,order-request,unknown,detail
/adminapi/order-request/list,order-request,unknown,list
/adminapi/order-request/list-one,order-request,unknown,listOne
/adminapi/order-request/update,order-request,unknown,update
/adminapi/order-request/update-and-init,order-request,unknown,updateAndInit
/adminapi/order/delete,order,OrderService.ts,delete
/adminapi/order/get,order,OrderService.ts,detail
/adminapi/order/list,order,OrderService.ts,list
/adminapi/order/update,order,OrderService.ts,update
/adminapi/outlookMail/delete,outlookMail,EmailService.ts,delete
/adminapi/outlookMail/get,outlookMail,EmailService.ts,detail
/adminapi/outlookMail/list,outlookMail,EmailService.ts,list
/adminapi/outlookMail/sendEmail,outlookMail,EmailService.ts,sendEmail
/adminapi/packagePermission/add,packagePermission,RolePermissionService.ts,packagePermissionAdd
/adminapi/packagePermission/info,packagePermission,RolePermissionService.ts,packagePermission
/adminapi/partnerCall/delete,partnerCall,PartnerCallService.ts,delete
/adminapi/partnerCall/get,partnerCall,unknown,detail
/adminapi/partnerCall/list,partnerCall,PartnerCallService.ts,list
/adminapi/partnerCall/update,partnerCall,PartnerCallService.ts,update
/adminapi/partnerEmail/delete,partnerEmail,PartnerEmailService.ts,delete
/adminapi/partnerEmail/get,partnerEmail,unknown,detail
/adminapi/partnerEmail/list,partnerEmail,PartnerEmailService.ts,list
/adminapi/partnerEmail/update,partnerEmail,PartnerEmailService.ts,update
/adminapi/partnerSms/delete,partnerSms,PartnerSMSService.ts,delete
/adminapi/partnerSms/get,partnerSms,unknown,detail
/adminapi/partnerSms/list,partnerSms,PartnerSMSService.ts,list
/adminapi/partnerSms/update,partnerSms,PartnerSMSService.ts,update
/adminapi/paymentHistory/delete,paymentHistory,PaymentHistoryService.ts,delete
/adminapi/paymentHistory/list,paymentHistory,PaymentHistoryService.ts,filter
/adminapi/paymentHistory/update,paymentHistory,PaymentHistoryService.ts,update
/adminapi/permission/clone,permission,PermissionService.ts,permissionClone
/adminapi/pom/delete,pom,unknown,delete
/adminapi/pom/get,pom,unknown,detail
/adminapi/pom/list,pom,unknown,list
/adminapi/pom/list/invoice,pom,unknown,lstPomSales
/adminapi/pom/update,pom,unknown,update
/adminapi/process-permission/delete,process-permission,ManageDefaultProcessesService.ts,delete
/adminapi/process-permission/get,process-permission,ManageDefaultProcessesService.ts,detail
/adminapi/process-permission/list,process-permission,ManageDefaultProcessesService.ts,list
/adminapi/process-permission/update,process-permission,ManageDefaultProcessesService.ts,update
/adminapi/product/in_warehouse,product,ProductService.ts,filterWarehouse
/adminapi/product/list/shared,product,ProductService.ts,listShared
/adminapi/product/update/content,product,ProductService.ts,updateContent
/adminapi/productAttribute/checkDuplicated,productAttribute,unknown,checkDuplicated
/adminapi/productAttribute/delete,productAttribute,unknown,delete
/adminapi/productAttribute/list,productAttribute,unknown,list
/adminapi/productAttribute/listAll,productAttribute,unknown,listAll
/adminapi/productAttribute/update,productAttribute,unknown,update
/adminapi/productExtraInfo/list,productExtraInfo,unknown,list
/adminapi/project/delete,project,unknown,delete
/adminapi/project/get,project,unknown,detail
/adminapi/project/list,project,unknown,list
/adminapi/project/update,project,unknown,update
/adminapi/projectType/get,projectType,CategoryProjectService.ts,detail
/adminapi/promotion/init-receive-task,promotion,EmailService.ts,sendEmailConfirm
/adminapi/promotion/list-active,promotion,PromotionService.ts,list
/adminapi/qrCode/get,qrCode,QrCodeService.ts,detail
/adminapi/quote/clone,quote,QuoteService.ts,cloneQuote
/adminapi/quote/delete,quote,QuoteService.ts,delete
/adminapi/quote/list,quote,QuoteService.ts,lst
/adminapi/quote/update,quote,QuoteService.ts,update
/adminapi/quote/update/status,quote,QuoteService.ts,updateStatus
/adminapi/quoteForm/delete,quoteForm,ProcessedObjectService.ts,quoteFormDelete
/adminapi/quoteForm/list,quoteForm,ProcessedObjectService.ts,quoteFormLst
/adminapi/quoteForm/update,quoteForm,ProcessedObjectService.ts,quoteFormUpdate
/adminapi/quoteForm/update/position,quoteForm,ProcessedObjectService.ts,quoteFormUpdatePostion
/adminapi/relationship/delete,relationship,RelationShipService.ts,delete
/adminapi/relationship/list,relationship,RelationShipService.ts,list
/adminapi/relationship/update,relationship,RelationShipService.ts,update
/adminapi/rentalType/delete,rentalType,unknown,delete
/adminapi/rentalType/get,rentalType,ReportChartService.ts,detail
/adminapi/rentalType/list,rentalType,unknown,list
/adminapi/rentalType/update,rentalType,unknown,update
/adminapi/reportArtifact/delete,reportArtifact,ReportChartService.ts,deleteReportArtifact
/adminapi/reportArtifact/list/byDashboard,reportArtifact,ReportChartService.ts,listArtifactByDashboard
/adminapi/reportArtifact/list/byEmployee,reportArtifact,ReportChartService.ts,listArtifactByEmployee
/adminapi/reportArtifact/update,reportArtifact,ReportChartService.ts,updateReportArtifact
/adminapi/reportDashboard/delete,reportDashboard,ReportChartService.ts,deleteReportDashboard
/adminapi/reportDashboard/update,reportDashboard,ReportChartService.ts,updateReportDashboard
/adminapi/reportRole/delete,reportRole,ReportChartService.ts,deleteReportRole
/adminapi/reportRole/update,reportRole,ReportChartService.ts,updateReportRole
/adminapi/requestPermission/delete,requestPermission,PermissionService.ts,deleteRequestPermission
/adminapi/requestPermission/list/source,requestPermission,PermissionService.ts,requestPermissionSource
/adminapi/requestPermission/list/target,requestPermission,PermissionService.ts,requestPermissionTarget
/adminapi/requestPermission/update,requestPermission,PermissionService.ts,updateRequestPermission
/adminapi/requestPermission/update/approved,requestPermission,PermissionService.ts,updateApprovePermission
/adminapi/requestPermission/update/rejected,requestPermission,PermissionService.ts,updateRejectPermission
/adminapi/resource/delete,resource,FunctionalManagementService.ts,delete
/adminapi/resource/get,resource,FunctionalManagementService.ts,detail
/adminapi/resource/list,resource,FunctionalManagementService.ts,list
/adminapi/resource/list_ex,resource,FunctionalManagementService.ts,freeResource
/adminapi/resource/update,resource,FunctionalManagementService.ts,update
/adminapi/role/list/branch,role,RoleService.ts,list_branch
/adminapi/role/update/parent,role,RoleService.ts,updateParent
/adminapi/rolePermission/add,rolePermission,unknown,permissionRoleAdd
/adminapi/rolePermission/info,rolePermission,unknown,rolePermission
/adminapi/rolePermission/remove,rolePermission,RolePermissionService.ts,permissionRoleDelete
/adminapi/saleflowActivity/list,saleflowActivity,unknown,activityList
/adminapi/saleflowApproach/get,saleflowApproach,unknown,detail
/adminapi/saleflowApproach/list,saleflowApproach,unknown,list
/adminapi/saleflowApproach/update/sla,saleflowApproach,unknown,updateSLA
/adminapi/saleflowEform/get/criteria,saleflowEform,unknown,saleflowEformDetail
/adminapi/saleflowExchange/get,saleflowExchange,unknown,updateInvoiceExchange
/adminapi/saleflowExchange/list,saleflowExchange,unknown,invoiceExchange
/adminapi/saleflowInvoice/delete,saleflowInvoice,unknown,delete
/adminapi/saleflowInvoice/get,saleflowInvoice,unknown,detail
/adminapi/saleflowInvoice/update/approach,saleflowInvoice,unknown,updateApproach
/adminapi/saleflowInvoice/update/cancel,saleflowInvoice,unknown,updateApproachCancel
/adminapi/saleflowInvoice/update/success,saleflowInvoice,unknown,updateApproachSuccess
/adminapi/saleflowSale/get/byApproachId,saleflowSale,unknown,detailSaleflowSale
/adminapi/saleflowSale/update,saleflowSale,unknown,updateSaleflowSale
/adminapi/schedule/list/by_customer,schedule,ScheduleCommonService.ts,listRelatedToCustomer
/adminapi/scheduleConsultant/get,scheduleConsultant,ScheduleConsultantService.ts,detail
/adminapi/scheduleTreatment/get,scheduleTreatment,ScheduleTreatmentService.ts,detail
/adminapi/service/list/shared,service,ServiceService.ts,listShared
/adminapi/service/update/content,service,ServiceService.ts,updateContent
/adminapi/serviceAttribute/checkDuplicated,serviceAttribute,unknown,checkDuplicated
/adminapi/serviceAttribute/delete,serviceAttribute,unknown,delete
/adminapi/serviceAttribute/list,serviceAttribute,unknown,list
/adminapi/serviceAttribute/listAll,serviceAttribute,unknown,listAll
/adminapi/serviceAttribute/update,serviceAttribute,unknown,update
/adminapi/serviceExtraInfo/list,serviceExtraInfo,unknown,list
/adminapi/setting/delete,setting,SettingService.ts,delete
/adminapi/setting/list,setting,SettingService.ts,list
/adminapi/setting/update,setting,SettingService.ts,update
/adminapi/sheet/delete,sheet,SheetQuoteFormService.ts,delete
/adminapi/sheet/get,sheet,SheetQuoteFormService.ts,detail
/adminapi/sheet/list,sheet,SheetQuoteFormService.ts,list
/adminapi/sheet/update,sheet,SheetQuoteFormService.ts,update
/adminapi/sheetField/delete,sheetField,SheetFieldQuoteFormService.ts,delete
/adminapi/sheetField/get,sheetField,SheetFieldQuoteFormService.ts,detail
/adminapi/sheetField/list,sheetField,SheetFieldQuoteFormService.ts,list
/adminapi/sheetField/update,sheetField,SheetFieldQuoteFormService.ts,update
/adminapi/sheetField/update/position,sheetField,SheetFieldQuoteFormService.ts,updatePosition
/adminapi/smsRequest/approve,smsRequest,SendSMSService.ts,approveSMS
/adminapi/smsRequest/cancel,smsRequest,SendSMSService.ts,cancelSMS
/adminapi/smsRequest/delete,smsRequest,SendSMSService.ts,deleteSMS
/adminapi/smsRequest/get,smsRequest,SendSMSService.ts,detailSMS
/adminapi/smsRequest/list,smsRequest,SendSMSService.ts,listSMS
/adminapi/smsRequest/update,smsRequest,SendSMSService.ts,updateSMS
/adminapi/support/update/status,support,SupportCommonService.ts,updateStatusSupport
/adminapi/supportConfig/delete,supportConfig,SupportCommonService.ts,supportConfigDelete
/adminapi/supportConfig/get,supportConfig,SupportCommonService.ts,supportConfigDetail
/adminapi/supportConfig/list,supportConfig,SupportCommonService.ts,supportConfigLst
/adminapi/supportConfig/update,supportConfig,SupportCommonService.ts,supportConfigUpdate
/adminapi/supportLink/delete,supportLink,SupportCommonService.ts,supportLinkDelete
/adminapi/supportLink/list,supportLink,SupportCommonService.ts,supportLinkLst
/adminapi/supportLink/update,supportLink,SupportCommonService.ts,supportLinkUpdate
/adminapi/supportLog/delete,supportLog,SupportCommonService.ts,supportLogDelete
/adminapi/supportObject/checkApproved,supportObject,SupportCommonService.ts,checkApproved
/adminapi/supportObject/delete,supportObject,SupportCommonService.ts,supportObjectDelete
/adminapi/supportObject/get/object,supportObject,SupportCommonService.ts,takeObject
/adminapi/supportObject/update,supportObject,SupportCommonService.ts,supportObjectUpdate
/adminapi/survey,survey,SurveyFormService.ts,statistic
/adminapi/surveyForm/delete,surveyForm,SurveyFormService.ts,delete
/adminapi/surveyForm/get,surveyForm,SurveyFormService.ts,detail
/adminapi/surveyForm/list,surveyForm,SurveyFormService.ts,lst
/adminapi/surveyForm/update,surveyForm,SurveyFormService.ts,update
/adminapi/templateCategory/delete,templateCategory,TemplateCategoryService.ts,delete
/adminapi/templateCategory/get,templateCategory,TemplateCategoryService.ts,detail
/adminapi/templateCategory/list,templateCategory,TemplateCategoryService.ts,list
/adminapi/templateCategory/update,templateCategory,TemplateCategoryService.ts,update
/adminapi/templateEmail/get,templateEmail,TemplateEmailService.ts,detail
/adminapi/templateSms/get,templateSms,TemplateSMSService.ts,detail
/adminapi/templateZalo/get,templateZalo,TemplateZaloService.ts,detail
/adminapi/ticket/viewer,ticket,unknown,viewer
/adminapi/ticketCategory/get,ticketCategory,TicketCategoryService.ts,detail
/adminapi/ticketStep/get,ticketStep,TicketStepService.ts,detail
/adminapi/timekeeping/delete,timekeeping,unknown,delete
/adminapi/timekeeping/list,timekeeping,unknown,list
/adminapi/timekeeping/update,timekeeping,unknown,update
/adminapi/tipUser/delete,tipUser,TipUserService.ts,delete
/adminapi/tipUserConfig/delete,tipUserConfig,TipUserConfigService.ts,delete
/adminapi/tipUserConfig/list,tipUserConfig,TipUserConfigService.ts,list
/adminapi/tipUserConfig/update,tipUserConfig,TipUserConfigService.ts,update
/adminapi/treatmentHistory/get,treatmentHistory,TreatmentHistoryService.ts,detail
/adminapi/treatmentHistory/list_all,treatmentHistory,TreatmentHistoryService.ts,list
/adminapi/treatmentHistory/list_by_customer,treatmentHistory,TreatmentHistoryService.ts,listByCustomer
/adminapi/treatmentRoom/check,treatmentRoom,TreatmentRoomService.ts,checkTreatmentRoom
/adminapi/treatmentRoom/get,treatmentRoom,TreatmentRoomService.ts,detail
/adminapi/treatmentTime/get_byscheduler,treatmentTime,TreamentService.ts,filterByScheduler
/adminapi/treatmentTime/list_schedule_next,treatmentTime,TreamentService.ts,filterSchedule
/adminapi/treatmentTime/update_caring_employee,treatmentTime,TreamentService.ts,updateCaringEmployee
/adminapi/treatmentTime/update_next,treatmentTime,TreamentService.ts,updateNext
/adminapi/warranty/get/overview,warranty,unknown,overview
/adminapi/warranty/send/jssdk,warranty,WarrantyService.ts,collect
/adminapi/warranty/viewer,warranty,unknown,viewer
/adminapi/warrantyCategory/get,warrantyCategory,WarrantyCategoryService.ts,detail
/adminapi/warrantyProcess/update,warrantyProcess,WarrantyService.ts,warrantyProcess
/adminapi/warrantyStep/get,warrantyStep,WarrantyStepService.ts,detail
/adminapi/webhook/get,webhook,WebhookService.ts,detail
/adminapi/workOrder/report,workOrder,unknown,workReport
/adminapi/workflowStatus/list,workflowStatus,BusinessProcessService.ts,listWorkflowCloud
/adminapi/zaloChat/delete,zaloChat,ZaloOAService.ts,deleteZaloChat
/adminapi/zaloChat/send/answer,zaloChat,ZaloOAService.ts,answerSendZaloChat
/adminapi/zaloChat/send/file,zaloChat,ZaloOAService.ts,fileSendZaloChat
/adminapi/zaloChat/send/link_image,zaloChat,ZaloOAService.ts,linkImageSendZaloChat
/adminapi/zaloOa/connect,zaloOa,ZaloOAService.ts,connect
/adminapi/zaloOa/remove,zaloOa,ZaloOAService.ts,delete
/adminapi/znsTemplate/get,znsTemplate,ZnsTemplateService.ts,detail
/adminapi/znsTemplate/list/sync,znsTemplate,ZnsTemplateService.ts,updateSync
/adminapi/znsTemplate/refresh,znsTemplate,ZnsTemplateService.ts,templateDetail
/api/area/child,area,AreaService.ts,area
/api/beautySalon/approve,beautySalon,BeautySalonService.ts,approve
/api/beautySalon/delete,beautySalon,BeautySalonService.ts,delete
/api/beautySalon/get,beautySalon,unknown,detail
/api/beautySalon/list,beautySalon,BeautySalonService.ts,list
/api/cardService/list,cardService,CardServiceIdApiService.ts,list
/api/field/delete,field,unknown,delete
/api/field/get,field,unknown,detail
/api/field/list,field,unknown,list
/api/field/update,field,unknown,update
/api/objectSource/list,objectSource,unknown,list
/api/orgApp/add,orgApp,PackageService.ts,addOrgApp
/api/orgApp/calc/priceRemaining,orgApp,PackageService.ts,calcPrice
/api/orgApp/extend,orgApp,PackageService.ts,extend
/api/orgApp/list,orgApp,unknown,lst
/api/orgApp/list/all,orgApp,unknown,lstAll
/api/orgApp/payment/verify,orgApp,unknown,confirmBill
/api/orgApp/update/bill,orgApp,PackageService.ts,updateBill
/api/orgApp/upgrade,orgApp,PackageService.ts,upgrade
/api/organization/update,organization,unknown,update
/api/package/delete,package,PackageService.ts,delete
/api/package/get,package,PackageService.ts,detail
/api/package/list,package,PackageService.ts,list
/api/package/update,package,PackageService.ts,update
/api/package/update/status,package,PackageService.ts,updateStatus
/api/product/list,product,ProductIdApiService.ts,list
/api/service/list,service,ServiceIdApiService.ts,list
/api/support/list,support,unknown,list
/application/businessCategory/delete,businessCategory,BusinessCategoryService.ts,delete
/application/businessCategory/get,businessCategory,BusinessCategoryService.ts,detail
/application/businessCategory/list,businessCategory,BusinessCategoryService.ts,list
/application/businessCategory/update,businessCategory,BusinessCategoryService.ts,update
/application/businessCategory/update/active,businessCategory,BusinessCategoryService.ts,updateActive
/application/clarificationRequest/assign,clarificationRequest,ManagementAskedService.ts,assignRequest
/application/clarificationRequest/delete,clarificationRequest,ManagementAskedService.ts,delete
/application/clarificationRequest/get,clarificationRequest,ManagementAskedService.ts,detail
/application/clarificationRequest/list,clarificationRequest,ManagementAskedService.ts,list
/application/clarificationRequest/update,clarificationRequest,ManagementAskedService.ts,update
/application/clarificationResponse/get,clarificationResponse,ManagementAskedService.ts,getDetailReply
/application/clarificationResponse/insert,clarificationResponse,ManagementAskedService.ts,insertRepsonse
/application/clarificationResponse/list,clarificationResponse,ManagementAskedService.ts,getRepsonseList
/application/clarificationResponse/update,clarificationResponse,ManagementAskedService.ts,replyAsked
/application/contactOrg/delete,contactOrg,SupplierService.ts,deleteContact
/application/contactOrg/get,contactOrg,SupplierService.ts,detailContact
/application/contactOrg/list,contactOrg,SupplierService.ts,listContact
/application/documentEvaluation/getFinances,documentEvaluation,TenderPackageService.ts,getResultFinanceEvaluation
/application/documentEvaluation/getResult,documentEvaluation,TenderPackageService.ts,getResultDocumentEvaluation
/application/documentEvaluation/sendEvaluation,documentEvaluation,TenderPackageService.ts,sendEvaluation
/application/documentEvaluation/updateBatch,documentEvaluation,TenderPackageService.ts,updateBatch
/application/extensionHistory/insert,extensionHistory,TenderPackageService.ts,extensionHistory
/application/extensionHistory/list,extensionHistory,TenderPackageService.ts,listExtensionHistory
/application/extensionRequest/get,extensionRequest,TenderPackageService.ts,detailExtensionRequest
/application/field/delete,field,FieldListService.ts,delete
/application/field/get,field,FieldListService.ts,detail
/application/field/list,field,FieldListService.ts,list
/application/field/update,field,FieldListService.ts,update
/application/field/update/status,field,FieldListService.ts,updateStatus
/application/generalClarification/list,generalClarification,TenderPackageService.ts,listGeneralClarification
/application/generalClarification/update,generalClarification,TenderPackageService.ts,updateGeneralClarification
/application/investor/delete,investor,InvestorService.ts,delete
/application/investor/get,investor,InvestorService.ts,detail
/application/investor/list,investor,InvestorService.ts,list
/application/investor/update,investor,InvestorService.ts,update
/application/investor/update/status,investor,InvestorService.ts,updateStatus
/application/material/delete,material,MaterialService.ts,delete
/application/material/get,material,MaterialService.ts,detail
/application/material/list,material,MaterialService.ts,list
/application/material/update,material,MaterialService.ts,update
/application/material/update/status,material,MaterialService.ts,updateStatus
/application/material/upload,material,MaterialService.ts,upload
/application/negotiationBidderDetail,negotiationBidderDetail,WorkOrderService.ts,saveNegotiationWork
/application/negotiationBidderDetail/complete,negotiationBidderDetail,WorkOrderService.ts,completeNegotiationWork
/application/organization/delete,organization,SupplierService.ts,delete
/application/organization/get,organization,SupplierService.ts,detail
/application/organization/list,organization,SupplierService.ts,list
/application/organization/update,organization,SupplierService.ts,update
/application/organization/update/active,organization,SupplierService.ts,updateActive
/application/procurementType/delete,procurementType,ProcurementService.ts,delete
/application/procurementType/get,procurementType,ProcurementService.ts,detail
/application/procurementType/list,procurementType,ProcurementService.ts,list
/application/procurementType/update,procurementType,ProcurementService.ts,update
/application/procurementType/update/status,procurementType,unknown,updateStatus
/application/projectCatalog/delete,projectCatalog,ProjectCatalogService.ts,delete
/application/projectCatalog/get,projectCatalog,ProjectCatalogService.ts,detail
/application/projectCatalog/list,projectCatalog,ProjectCatalogService.ts,list
/application/projectCatalog/update,projectCatalog,ProjectCatalogService.ts,update
/application/projectCatalog/update/status,projectCatalog,ProjectCatalogService.ts,updateStatus
/application/submittedDocument/list,submittedDocument,TenderPackageService.ts,listSubmittedDocument
/application/submittedDocument/submit_review/update,submittedDocument,TenderPackageService.ts,submitReview
/application/tenderInvitation/cancel,tenderInvitation,TenderPackageService.ts,cancelBidding
/application/tenderInvitation/get,tenderInvitation,TenderPackageService.ts,detailBiddingInvitation
/application/tenderInvitation/list,tenderInvitation,TenderPackageService.ts,listBiddingInvitation
/application/tenderInvitation/list_contractor,tenderInvitation,TenderPackageService.ts,listContractor
/application/tenderInvitation/update,tenderInvitation,TenderPackageService.ts,updateBidding
/application/tenderInvitation/update/bidding_status,tenderInvitation,TenderPackageService.ts,updateBiddingStatus
/application/tenderOpening/update,tenderOpening,TenderPackageService.ts,openBidding
/application/tenderPackage/delete,tenderPackage,TenderPackageService.ts,delete
/application/tenderPackage/get,tenderPackage,TenderPackageService.ts,detail
/application/tenderPackage/list,tenderPackage,TenderPackageService.ts,list
/application/tenderPackage/update,tenderPackage,TenderPackageService.ts,update
/application/workAssignment,workAssignment,WorkOrderService.ts,assignNegotiationWork
/application/workCategory/delete,workCategory,WorkCategoryService.ts,delete
/application/workCategory/get,workCategory,WorkCategoryService.ts,detail
/application/workCategory/list,workCategory,WorkCategoryService.ts,list
/application/workCategory/update,workCategory,WorkCategoryService.ts,update
/application/workCategory/update/active,workCategory,WorkCategoryService.ts,updateStatus
/bpmapi/approvalObject/reset,approvalObject,ProcessedObjectService.ts,resetSignal
/bpmapi/artifactComment/list,artifactComment,GridService.ts,listComment
/bpmapi/artifactComment/update,artifactComment,GridService.ts,updateComment
/bpmapi/artifactGird/add,artifactGird,BusinessProcessService.ts,addArtifactGrid
/bpmapi/artifactGird/get,artifactGird,BusinessProcessService.ts,getArtifactGrid
/bpmapi/artifactGrid/delete,artifactGrid,GridService.ts,deleteRow
/bpmapi/artifactGrid/get,artifactGrid,GridService.ts,detailRow
/bpmapi/artifactGrid/update,artifactGrid,GridService.ts,updateRow
/bpmapi/artifactGridHeader/delete,artifactGridHeader,GridService.ts,delete
/bpmapi/artifactGridHeader/get,artifactGridHeader,GridService.ts,detail
/bpmapi/artifactGridHeader/update,artifactGridHeader,GridService.ts,update
/bpmapi/artifactMetadata/delete,artifactMetadata,BusinessProcessService.ts,deleteArtifactMetadata
/bpmapi/artifactMetadata/get,artifactMetadata,BusinessProcessService.ts,getArtifactMetadata
/bpmapi/artifactMetadata/list,artifactMetadata,BusinessProcessService.ts,listArtifactMetadata
/bpmapi/artifactMetadata/update,artifactMetadata,BusinessProcessService.ts,updateArtifactMetadata
/bpmapi/bpm/deleteReason,bpm,ReasonListBpmService.ts,delete
/bpmapi/bpm/exec/list/node,bpm,ProcessedObjectService.ts,bpmExecListNode
/bpmapi/bpm/getReason,bpm,ReasonListBpmService.ts,detail
/bpmapi/bpm/listReason,bpm,ReasonListBpmService.ts,list
/bpmapi/bpm/process,bpm,ProcessedObjectService.ts,bpmProcess
/bpmapi/bpm/start,bpm,ProcessedObjectService.ts,bpmStart
/bpmapi/bpm/updateReason,bpm,ReasonListBpmService.ts,update
/bpmapi/bpm/updateReason/active,bpm,ReasonListBpmService.ts,updateActive
/bpmapi/bpmArtifactData/getByBfatId,bpmArtifactData,ProcessedObjectService.ts,bpmArtifactData
/bpmapi/bpmAssignmentRule/get,bpmAssignmentRule,BusinessProcessService.ts,detailBusinessRuleTaskComplex
/bpmapi/bpmAssignmentRule/update,bpmAssignmentRule,BusinessProcessService.ts,updateBusinessRuleTaskComplex
/bpmapi/bpmConfigLinkNode/delete,bpmConfigLinkNode,BusinessProcessService.ts,bpmDeleteLinkNode
/bpmapi/bpmConfigLinkNode/get,bpmConfigLinkNode,BusinessProcessService.ts,bpmGetLinkNode
/bpmapi/bpmConfigLinkNode/list,bpmConfigLinkNode,BusinessProcessService.ts,listLinkTo
/bpmapi/bpmConfigLinkNode/list/children,bpmConfigLinkNode,BusinessProcessService.ts,debugListLinkNodeProcess
/bpmapi/bpmConfigLinkNode/list/from,bpmConfigLinkNode,BusinessProcessService.ts,listLinkForm
/bpmapi/bpmConfigLinkNode/update,bpmConfigLinkNode,BusinessProcessService.ts,bpmAddLinkNode
/bpmapi/bpmConfigLinkNode/update/config,bpmConfigLinkNode,BusinessProcessService.ts,bpmAddLinkNodeConfig
/bpmapi/bpmConfigLinkNode/update/name,bpmConfigLinkNode,BusinessProcessService.ts,bpmAddNameLinkNode
/bpmapi/bpmConfigNode/delete,bpmConfigNode,BusinessProcessService.ts,bpmDeleteNode
/bpmapi/bpmConfigNode/get,bpmConfigNode,BusinessProcessService.ts,bpmDetailNode
/bpmapi/bpmConfigNode/list,bpmConfigNode,BusinessProcessService.ts,bpmListNode
/bpmapi/bpmConfigNode/list/children,bpmConfigNode,BusinessProcessService.ts,debugListNodeProcess
/bpmapi/bpmConfigNode/list/compensation,bpmConfigNode,BusinessProcessService.ts,getCompensationRef
/bpmapi/bpmConfigNode/list/history,bpmConfigNode,BusinessProcessService.ts,listNodeHistory
/bpmapi/bpmConfigNode/update,bpmConfigNode,BusinessProcessService.ts,bpmAddNode
/bpmapi/bpmConfigNode/update/name,bpmConfigNode,BusinessProcessService.ts,bpmAddNameNode
/bpmapi/bpmEngine/form,bpmEngine,BusinessProcessService.ts,getDataForm
/bpmapi/bpmForm/activate,bpmForm,BusinessProcessService.ts,updateHandleTask
/bpmapi/bpmForm/draft,bpmForm,BusinessProcessService.ts,updateHandleTaskDraft
/bpmapi/bpmForm/get,bpmForm,BusinessProcessService.ts,detailUserTask
/bpmapi/bpmForm/get/timer,bpmForm,BusinessProcessService.ts,getTimer
/bpmapi/bpmForm/init,bpmForm,BusinessProcessService.ts,updateHandleTaskInit
/bpmapi/bpmForm/list/global,bpmForm,BusinessProcessService.ts,listBpmFormGlobal
/bpmapi/bpmForm/list/mapping,bpmForm,BusinessProcessService.ts,listBpmFormMapping
/bpmapi/bpmForm/update/timer,bpmForm,BusinessProcessService.ts,updateTimer
/bpmapi/bpmForm/update/type,bpmForm,BusinessProcessService.ts,updateType
/bpmapi/bpmFormData/getByNodeId,bpmFormData,BusinessProcessService.ts,getBpmFormDataByNodeId
/bpmapi/bpmFormData/list,bpmFormData,BusinessProcessService.ts,listBpmFormData
/bpmapi/bpmFormPopup/delete,bpmFormPopup,FormCategoryService.ts,delete
/bpmapi/bpmFormPopup/get,bpmFormPopup,FormCategoryService.ts,detail
/bpmapi/bpmFormPopup/list,bpmFormPopup,FormCategoryService.ts,list
/bpmapi/bpmFormPopup/update,bpmFormPopup,FormCategoryService.ts,update
/bpmapi/bpmObject/getByProcessId,bpmObject,BusinessProcessService.ts,detailBpmObject
/bpmapi/bpmObject/update,bpmObject,BusinessProcessService.ts,updateBpmObject
/bpmapi/bpmParticipantProcesslog/list,bpmParticipantProcesslog,ProcessedObjectService.ts,bpmParticipantProcesslog
/bpmapi/bpmSegmentFilter/mapping/delete,bpmSegmentFilter,SegmentFilterService.ts,deleteMapping
/bpmapi/bpmSegmentFilter/mapping/list,bpmSegmentFilter,SegmentFilterService.ts,listMapping
/bpmapi/bpmSegmentFilter/mapping/update,bpmSegmentFilter,SegmentFilterService.ts,updateMapping
/bpmapi/bpmSegmentFilter/update,bpmSegmentFilter,SegmentFilterService.ts,update
/bpmapi/bpmTrigger/activate,bpmTrigger,BusinessProcessService.ts,activeBpmTrigger
/bpmapi/bpmTrigger/list,bpmTrigger,BusinessProcessService.ts,listBpmTrigger
/bpmapi/businessProcess/clone,businessProcess,BusinessProcessService.ts,clone
/bpmapi/businessProcess/configNode/update,businessProcess,BusinessProcessService.ts,addNode
/bpmapi/businessProcess/delete,businessProcess,BusinessProcessService.ts,delete
/bpmapi/businessProcess/detail,businessProcess,BusinessProcessService.ts,detail
/bpmapi/businessProcess/exportExcel,businessProcess,BusinessProcessService.ts,exportDataProcess
/bpmapi/businessProcess/exportExcel/status,businessProcess,BusinessProcessService.ts,getUrlExportDataProcess
/bpmapi/businessProcess/get,businessProcess,unknown,get
/bpmapi/businessProcess/importExcel,businessProcess,BusinessProcessService.ts,importDataProcess
/bpmapi/businessProcess/list,businessProcess,BusinessProcessService.ts,list
/bpmapi/businessProcess/node/delete,businessProcess,BusinessProcessService.ts,deleteNode
/bpmapi/businessProcess/update,businessProcess,BusinessProcessService.ts,update
/bpmapi/businessProcess/update/config,businessProcess,BusinessProcessService.ts,saveDiagram
/bpmapi/businessProcess/update/sla,businessProcess,BusinessProcessService.ts,updateSLA
/bpmapi/businessProcess/updateConfig,businessProcess,BusinessProcessService.ts,updateLinkNode
/bpmapi/businessRuleItem/detail,businessRuleItem,BusinessRuleItemService.ts,detail
/bpmapi/businessRuleTask/checkType,businessRuleTask,BusinessProcessService.ts,checkType
/bpmapi/businessRuleTask/clone,businessRuleTask,BusinessProcessService.ts,cloneBusinessRuleTask
/bpmapi/businessRuleTask/get,businessRuleTask,BusinessProcessService.ts,detailBusinessRuleTask
/bpmapi/businessRuleTask/update,businessRuleTask,BusinessProcessService.ts,updateBusinessRuleTask
/bpmapi/callActivity/clone,callActivity,BusinessProcessService.ts,cloneCallActivityTask
/bpmapi/callActivity/get,callActivity,BusinessProcessService.ts,detailCallActivityTask
/bpmapi/callActivity/update,callActivity,BusinessProcessService.ts,updateCallActivityTask
/bpmapi/common/get,common,ArtifactService.ts,detail
/bpmapi/compensationEndEvent/clone,compensationEndEvent,BusinessProcessService.ts,cloneCompensationEndEvent
/bpmapi/compensationEndEvent/get,compensationEndEvent,BusinessProcessService.ts,detailCompensationEndEvent
/bpmapi/compensationEndEvent/update,compensationEndEvent,BusinessProcessService.ts,updateCompensationEndEvent
/bpmapi/compensationIntermediateThrowEvent/clone,compensationIntermediateThrowEvent,BusinessProcessService.ts,cloneCompensationIntermediateThrowEvent
/bpmapi/compensationIntermediateThrowEvent/get,compensationIntermediateThrowEvent,BusinessProcessService.ts,detailCompensationIntermediateThrowEvent
/bpmapi/compensationIntermediateThrowEvent/update,compensationIntermediateThrowEvent,BusinessProcessService.ts,updateCompensationIntermediateThrowEvent
/bpmapi/complexGateway/clone,complexGateway,BusinessProcessService.ts,cloneComplexGateway
/bpmapi/complexGateway/get,complexGateway,BusinessProcessService.ts,detailComplexGateway
/bpmapi/complexGateway/update,complexGateway,BusinessProcessService.ts,updateComplexGateway
/bpmapi/conditionalCatchEventTask/get,conditionalCatchEventTask,BusinessProcessService.ts,detailConditionalCatchEventTask
/bpmapi/conditionalCatchEventTask/update,conditionalCatchEventTask,BusinessProcessService.ts,updateConditionalCatchEventTask
/bpmapi/conditionalStartEventTask/get,conditionalStartEventTask,BusinessProcessService.ts,detailConditionalStartEvent
/bpmapi/conditionalStartEventTask/update,conditionalStartEventTask,BusinessProcessService.ts,updateConditionalStartEvent
/bpmapi/decisionTable/get,decisionTable,BusinessProcessService.ts,detailBusinessRuleTaskAdvance
/bpmapi/decisionTable/update/pickMode,decisionTable,BusinessProcessService.ts,updatePickMode
/bpmapi/decisionTableInput/detail,decisionTableInput,DecisionTableInputService.ts,detail
/bpmapi/decisionTableInput/list,decisionTableInput,DecisionTableInputService.ts,list
/bpmapi/decisionTableOutput/detail,decisionTableOutput,DecisionTableOutputService.ts,detail
/bpmapi/decisionTableOutput/list,decisionTableOutput,DecisionTableOutputService.ts,list
/bpmapi/document/delete,document,DocumentService.ts,delete
/bpmapi/document/delete/byUrl,document,DocumentService.ts,deleteByUrl
/bpmapi/document/detail,document,DocumentService.ts,detail
/bpmapi/document/list,document,DocumentService.ts,lst
/bpmapi/document/update,document,DocumentService.ts,update
/bpmapi/eform/delete,eform,ContractEformService.ts,delete
/bpmapi/eform/get,eform,ContractEformService.ts,detail
/bpmapi/eform/list,eform,ContractEformService.ts,list
/bpmapi/eform/update,eform,ContractEformService.ts,update
/bpmapi/endTask/clone,endTask,BusinessProcessService.ts,cloneEndTaskEvent
/bpmapi/endTask/get,endTask,BusinessProcessService.ts,detailEndTaskEvent
/bpmapi/endTask/update,endTask,BusinessProcessService.ts,updateEndTaskEvent
/bpmapi/errorEndEvent/clone,errorEndEvent,BusinessProcessService.ts,cloneErrorEndEvent
/bpmapi/errorEndEvent/get,errorEndEvent,BusinessProcessService.ts,detailErrorEndEvent
/bpmapi/errorEndEvent/update,errorEndEvent,BusinessProcessService.ts,updateErrorEndEvent
/bpmapi/errorStartEvent/clone,errorStartEvent,BusinessProcessService.ts,cloneErrorStartEvent
/bpmapi/errorStartEvent/get,errorStartEvent,BusinessProcessService.ts,detailErrorStartEvent
/bpmapi/errorStartEvent/update,errorStartEvent,BusinessProcessService.ts,updateErrorStartEvent
/bpmapi/escalationStartEventTask/clone,escalationStartEventTask,BusinessProcessService.ts,cloneEscalationStartEvent
/bpmapi/escalationStartEventTask/get,escalationStartEventTask,BusinessProcessService.ts,detailEscalationStartEvent
/bpmapi/escalationStartEventTask/update,escalationStartEventTask,BusinessProcessService.ts,updateEscalationStartEvent
/bpmapi/escalationThrowTask/clone,escalationThrowTask,BusinessProcessService.ts,cloneEscalationIntermediateThrowEvent
/bpmapi/escalationThrowTask/get,escalationThrowTask,BusinessProcessService.ts,detailEscalationIntermediateThrowEvent
/bpmapi/escalationThrowTask/update,escalationThrowTask,BusinessProcessService.ts,updateEscalationIntermediateThrowEvent
/bpmapi/exclusiveGateway/clone,exclusiveGateway,BusinessProcessService.ts,cloneExclusiveGateway
/bpmapi/exclusiveGateway/get,exclusiveGateway,BusinessProcessService.ts,detailExclusiveGateway
/bpmapi/exclusiveGateway/update,exclusiveGateway,BusinessProcessService.ts,updateExclusiveGateway
/bpmapi/findByCriteria,findByCriteria,BusinessProcessService.ts,getErrorLogData
/bpmapi/formMapping/clone,formMapping,BusinessProcessService.ts,cloneFormMapping
/bpmapi/inclusiveGateway/clone,inclusiveGateway,BusinessProcessService.ts,cloneInclusiveGateway
/bpmapi/inclusiveGateway/get,inclusiveGateway,BusinessProcessService.ts,detailInclusiveGateway
/bpmapi/inclusiveGateway/update,inclusiveGateway,BusinessProcessService.ts,updateInclusiveGateway
/bpmapi/linkCatchEvent/get,linkCatchEvent,BusinessProcessService.ts,detailLinkCatchEventTask
/bpmapi/linkEvent/update,linkEvent,BusinessProcessService.ts,updateLinkCatchEventTask
/bpmapi/manualTask/clone,manualTask,BusinessProcessService.ts,cloneManualTask
/bpmapi/manualTask/get,manualTask,BusinessProcessService.ts,detailManualTask
/bpmapi/manualTask/update,manualTask,BusinessProcessService.ts,updateManualTask
/bpmapi/messageEndEvent/clone,messageEndEvent,BusinessProcessService.ts,cloneEndMessageEvent
/bpmapi/messageEndEvent/get,messageEndEvent,BusinessProcessService.ts,detailEndMessageEvent
/bpmapi/messageEndEvent/update,messageEndEvent,BusinessProcessService.ts,updateEndMessageEvent
/bpmapi/messageIntermediateCatchEvent/clone,messageIntermediateCatchEvent,BusinessProcessService.ts,cloneMessageIntermediateCatchEvent
/bpmapi/messageIntermediateCatchEvent/get,messageIntermediateCatchEvent,BusinessProcessService.ts,detailMessageIntermediateCatchEvent
/bpmapi/messageIntermediateCatchEvent/update,messageIntermediateCatchEvent,BusinessProcessService.ts,updateMessageIntermediateCatchEvent
/bpmapi/messageIntermediateThrowEvent/clone,messageIntermediateThrowEvent,BusinessProcessService.ts,cloneMessageIntermediateThrowEvent
/bpmapi/messageIntermediateThrowEvent/get,messageIntermediateThrowEvent,BusinessProcessService.ts,detailMessageIntermediateThrowEvent
/bpmapi/messageIntermediateThrowEvent/update,messageIntermediateThrowEvent,BusinessProcessService.ts,updateMessageIntermediateThrowEvent
/bpmapi/messageStartEvent/clone,messageStartEvent,BusinessProcessService.ts,cloneStartMessageEvent
/bpmapi/messageStartEvent/get,messageStartEvent,BusinessProcessService.ts,detailStartMessageEvent
/bpmapi/messageStartEvent/update,messageStartEvent,BusinessProcessService.ts,updateStartMessageEvent
/bpmapi/objectAttribute/checkDuplicated,objectAttribute,ObjectAttributeService.ts,checkDuplicated
/bpmapi/objectAttribute/delete,objectAttribute,ObjectAttributeService.ts,delete
/bpmapi/objectAttribute/get,objectAttribute,ObjectAttributeService.ts,detail
/bpmapi/objectAttribute/list,objectAttribute,ObjectAttributeService.ts,list
/bpmapi/objectAttribute/listAll,objectAttribute,ObjectAttributeService.ts,listAll
/bpmapi/objectAttribute/update,objectAttribute,ObjectAttributeService.ts,update
/bpmapi/objectAttribute/update/position,objectAttribute,ObjectAttributeService.ts,updatePosition
/bpmapi/objectGroup/delete,objectGroup,ObjectGroupService.ts,delete
/bpmapi/objectGroup/get,objectGroup,ObjectGroupService.ts,detail
/bpmapi/objectGroup/list,objectGroup,ObjectGroupService.ts,list
/bpmapi/objectGroup/update,objectGroup,ObjectGroupService.ts,update
/bpmapi/objectGroup/update/config,objectGroup,ObjectGroupService.ts,updateConfig
/bpmapi/ola/checkType,ola,BusinessProcessService.ts,checkTypeOLA
/bpmapi/ola/export,ola,WorkOrderService.ts,exportOLA
/bpmapi/parallelGateway/clone,parallelGateway,BusinessProcessService.ts,cloneParallelGateway
/bpmapi/parallelGateway/get,parallelGateway,BusinessProcessService.ts,detailParallelGateway
/bpmapi/parallelGateway/update,parallelGateway,BusinessProcessService.ts,updateParallelGateway
/bpmapi/processInstance/update,processInstance,ProcessedObjectService.ts,updateProcessInstance
/bpmapi/processedObject/clone,processedObject,ProcessedObjectService.ts,cloneQuote
/bpmapi/processedObject/delete,processedObject,ProcessedObjectService.ts,delete
/bpmapi/processedObject/list,processedObject,ProcessedObjectService.ts,lst
/bpmapi/processedObject/update,processedObject,ProcessedObjectService.ts,update
/bpmapi/processedObject/update/processId,processedObject,ProcessedObjectService.ts,updateProcess
/bpmapi/processedObject/update/status,processedObject,ProcessedObjectService.ts,updateStatus
/bpmapi/processedObjectLog/list,processedObjectLog,BusinessProcessService.ts,getProcessedObjectLog
/bpmapi/processedObjectLog/list/page,processedObjectLog,BusinessProcessService.ts,processedObjectLogPage
/bpmapi/processedObjectLog/onhold,processedObjectLog,BusinessProcessService.ts,onholdProcessedObjectLog
/bpmapi/processedObjectLog/receive,processedObjectLog,BusinessProcessService.ts,receiveProcessedObjectLog
/bpmapi/purchaseRequest/approve,purchaseRequest,BusinessProcessService.ts,purchaseRequestApprove
/bpmapi/purchaseRequest/draft,purchaseRequest,BusinessProcessService.ts,purchaseRequestDraft
/bpmapi/receiveTask/clone,receiveTask,BusinessProcessService.ts,cloneReceiveTask
/bpmapi/receiveTask/get,receiveTask,BusinessProcessService.ts,detailReceiveTask
/bpmapi/receiveTask/update,receiveTask,BusinessProcessService.ts,updateReceiveTask
/bpmapi/rest/call,rest,RestService.ts,callApi
/bpmapi/scriptTask/clone,scriptTask,BusinessProcessService.ts,cloneScriptTask
/bpmapi/scriptTask/get,scriptTask,BusinessProcessService.ts,detailScriptTask
/bpmapi/scriptTask/update,scriptTask,BusinessProcessService.ts,updateScriptTask
/bpmapi/sendTask/clone,sendTask,BusinessProcessService.ts,cloneSendTask
/bpmapi/sendTask/get,sendTask,BusinessProcessService.ts,detailSendTask
/bpmapi/sendTask/update,sendTask,BusinessProcessService.ts,updateSendTask
/bpmapi/serviceLevel/list,serviceLevel,BusinessProcessService.ts,listServiceLevel
/bpmapi/serviceLevel/update,serviceLevel,BusinessProcessService.ts,updateServiceLevel
/bpmapi/serviceLevelHistory/getHistory,serviceLevelHistory,BusinessProcessService.ts,listHistoryOLA
/bpmapi/serviceLevelHistory/insert,serviceLevelHistory,BusinessProcessService.ts,updateHistoryOLA
/bpmapi/serviceTask/clone,serviceTask,BusinessProcessService.ts,cloneServiceTask
/bpmapi/serviceTask/get,serviceTask,BusinessProcessService.ts,detailServiceTask
/bpmapi/serviceTask/update,serviceTask,BusinessProcessService.ts,updateServiceTask
/bpmapi/signalCatchEvent/clone,signalCatchEvent,BusinessProcessService.ts,cloneSignalIntermediateCatchEvent
/bpmapi/signalCatchEvent/get,signalCatchEvent,BusinessProcessService.ts,detailSignalIntermediateCatchEvent
/bpmapi/signalCatchEvent/update,signalCatchEvent,BusinessProcessService.ts,updateSignalIntermediateCatchEvent
/bpmapi/signalEndEvent/clone,signalEndEvent,BusinessProcessService.ts,cloneSignalEndEvent
/bpmapi/signalEndEvent/get,signalEndEvent,BusinessProcessService.ts,detailSignalEndEvent
/bpmapi/signalEndEvent/update,signalEndEvent,BusinessProcessService.ts,updateSignalEndEvent
/bpmapi/signalStartEvent/clone,signalStartEvent,BusinessProcessService.ts,cloneSignalStartEvent
/bpmapi/signalStartEvent/get,signalStartEvent,BusinessProcessService.ts,detailSignalStartEvent
/bpmapi/signalStartEvent/update,signalStartEvent,BusinessProcessService.ts,updateSignalStartEvent
/bpmapi/signalThrowEvent/clone,signalThrowEvent,BusinessProcessService.ts,cloneSignalIntermediateThrowEvent
/bpmapi/signalThrowEvent/get,signalThrowEvent,BusinessProcessService.ts,detailSignalIntermediateThrowEvent
/bpmapi/signalThrowEvent/update,signalThrowEvent,BusinessProcessService.ts,updateSignalIntermediateThrowEvent
/bpmapi/sla/export,sla,WorkOrderService.ts,exportSLA
/bpmapi/startTask/clone,startTask,BusinessProcessService.ts,cloneStartTaskEvent
/bpmapi/startTask/get,startTask,BusinessProcessService.ts,detailStartTaskEvent
/bpmapi/startTask/update,startTask,BusinessProcessService.ts,updateStartTaskEvent
/bpmapi/stateMapping/delete,stateMapping,BusinessProcessService.ts,deleteState
/bpmapi/stateMapping/list,stateMapping,BusinessProcessService.ts,listState
/bpmapi/stateMapping/update,stateMapping,BusinessProcessService.ts,createState
/bpmapi/subprocess/clone,subprocess,BusinessProcessService.ts,cloneSubprocess
/bpmapi/subprocess/get,subprocess,BusinessProcessService.ts,detailSubprocess
/bpmapi/subprocess/update,subprocess,BusinessProcessService.ts,updateSubprocess
/bpmapi/terminateEndEvent/clone,terminateEndEvent,BusinessProcessService.ts,cloneTerminateEndEvent
/bpmapi/terminateEndEvent/get,terminateEndEvent,BusinessProcessService.ts,detailTerminateEndEvent
/bpmapi/terminateEndEvent/update,terminateEndEvent,BusinessProcessService.ts,updateTerminateEndEvent
/bpmapi/timerIntermediate/update,timerIntermediate,BusinessProcessService.ts,updateTimerIntermediateCatchEvent
/bpmapi/timerTask/clone,timerTask,BusinessProcessService.ts,cloneTimerStartEvent
/bpmapi/timerTask/get,timerTask,BusinessProcessService.ts,detailTimerStartEvent
/bpmapi/timerTask/update,timerTask,BusinessProcessService.ts,updateTimerStartEvent
/bpmapi/upload/excelFile,upload,GridService.ts,importFile
/bpmapi/upload/getRows,upload,GridService.ts,getRowsUpload
/bpmapi/userTask/clone,userTask,BusinessProcessService.ts,cloneUserTask
/bpmapi/variableDeclare/delete,variableDeclare,BusinessProcessService.ts,deleteVariableDeclare
/bpmapi/variableDeclare/get,variableDeclare,BusinessProcessService.ts,detailVariableDeclare
/bpmapi/variableDeclare/list,variableDeclare,BusinessProcessService.ts,listVariableDeclare
/bpmapi/variableDeclare/list/global,variableDeclare,BusinessProcessService.ts,listVariableDeclareGlobal
/bpmapi/variableDeclare/update,variableDeclare,BusinessProcessService.ts,updateVariableDeclare
/bpmapi/variableInstance/list,variableInstance,BusinessProcessService.ts,listVariableInstance
/bpmapi/workOrder/list/pause,workOrder,UserTaskService.ts,listPause
/bpmapi/workOrder/recall,workOrder,BusinessProcessService.ts,onWorkRecall
/bpmapi/workOrder/recall/checkResult,workOrder,BusinessProcessService.ts,onCheckWorkResult
/bpmapi/workOrder/recall/confirm,workOrder,BusinessProcessService.ts,confirmWorkRecall
/bpmapi/workOrder/update/continue,workOrder,BusinessProcessService.ts,onContinue
/bpmapi/workflow/delete,workflow,BusinessProcessService.ts,deleteStep
/bpmapi/workflow/list,workflow,BusinessProcessService.ts,listStep
/bpmapi/workflow/update,workflow,BusinessProcessService.ts,updateStep
/bpmapi/workflowStatus/delete,workflowStatus,BusinessProcessService.ts,deleteWorkflow
/bpmapi/workflowStatus/list,workflowStatus,BusinessProcessService.ts,listWorkflow
/briefFinancialReport/delete,delete,unknown,delete
/briefFinancialReport/get,get,unknown,get
/briefFinancialReport/list,list,unknown,lst
/briefFinancialReport/update,update,unknown,update
/building/delete,delete,BuildingService.ts,delete
/building/get,get,BuildingService.ts,detail
/building/list,list,BuildingService.ts,list
/building/update,update,BuildingService.ts,update
/buildingFloor/delete,delete,BuildingFloorService.ts,delete
/buildingFloor/get,get,BuildingFloorService.ts,detail
/buildingFloor/list,list,BuildingFloorService.ts,list
/buildingFloor/update,update,BuildingFloorService.ts,update
/cs/product-category/list,product-category,PurchaseRequestService.ts,purchaseCategory
/cs/product/get/jssdk,product,PurchaseRequestService.ts,getProductJssdk
/cs/product/list,product,PurchaseRequestService.ts,purchaseProduct
/cs/purchase-request/delete,purchase-request,PurchaseRequestService.ts,delete
/cs/purchase-request/get,purchase-request,PurchaseRequestService.ts,detail
/cs/purchase-request/getJson,purchase-request,PurchaseRequestService.ts,paymentBill
/cs/purchase-request/init-receive-task,purchase-request,PurchaseRequestService.ts,initReceiveTask
/cs/purchase-request/list,purchase-request,PurchaseRequestService.ts,list
/cs/purchase-request/list-statistic,purchase-request,PurchaseRequestService.ts,statisticList
/cs/purchase-request/send/jssdk,purchase-request,PurchaseRequestService.ts,collect
/cs/purchase-request/statistic/status,purchase-request,PurchaseRequestService.ts,statisticStatus
/cs/purchase-request/statistic/status/by-date,purchase-request,PurchaseRequestService.ts,statisticStatusByDate
/cs/purchase-request/update,purchase-request,PurchaseRequestService.ts,update
/cs/purchase-request/update/process,purchase-request,PurchaseRequestService.ts,purchaseRequestProcess
/cs/purchase-request/update/status,purchase-request,PurchaseRequestService.ts,updateStatus
/cs/purchase-request/updateCertificate,purchase-request,PurchaseRequestService.ts,updateCertificate
/cs/purchase-request/viewer,purchase-request,unknown,viewer
/cs/purchase-requestExchange/delete,purchase-requestExchange,unknown,purchaseRequestExchangeDelete
/cs/purchase-requestExchange/list,purchase-requestExchange,unknown,purchaseRequestExchangeList
/cs/purchase-requestExchange/update,purchase-requestExchange,unknown,purchaseRequestExchangeUpdate
/cs/renewal-offer/get-information-aggregate,renewal-offer,PurchaseRequestService.ts,contractInfo
/cs/report/purchase-request/list,report,PurchaseRequestService.ts,listReport
/cs/supportObject/reset,supportObject,PurchaseRequestService.ts,resetTransferVotes
/electricMeter/delete,delete,unknown,delete
/electricMeter/get,get,unknown,detail
/electricMeter/list,list,unknown,list
/electricMeter/update,update,unknown,update
/electricityRate/delete,delete,unknown,delete
/electricityRate/get,get,unknown,detail
/electricityRate/list,list,unknown,list
/electricityRate/update,update,unknown,update
/fullFinancialReport/delete,delete,unknown,delete
/fullFinancialReport/get,get,unknown,get
/fullFinancialReport/list,list,unknown,lst
/fullFinancialReport/update,update,unknown,update
/inventory/delete,delete,InventoryService.ts,delete
/inventory/import,import,InventoryService.ts,import
/inventory/list,list,InventoryService.ts,list
/inventory/update,update,InventoryService.ts,update
/loanInformation/delete,delete,unknown,delete
/loanInformation/get,get,unknown,get
/loanInformation/list,list,unknown,lst
/loanInformation/update,update,unknown,update
/managementFee/delete,delete,unknown,delete
/managementFee/get,get,unknown,detail
/managementFee/list,list,unknown,list
/managementFee/update,update,unknown,update
/managementFeeRate/delete,delete,unknown,delete
/managementFeeRate/get,get,unknown,detail
/managementFeeRate/list,list,unknown,list
/managementFeeRate/update,update,unknown,update
/netDeposit/delete,delete,unknown,delete
/netDeposit/get,get,unknown,get
/netDeposit/list,list,unknown,lst
/netDeposit/update,update,unknown,update
/netLoan/delete,delete,unknown,delete
/netLoan/get,get,unknown,get
/netLoan/list,list,unknown,lst
/netLoan/update,update,unknown,update
/netServiceCharge/delete,delete,unknown,delete
/netServiceCharge/get,get,unknown,get
/netServiceCharge/list,list,unknown,lst
/netServiceCharge/update,update,unknown,update
/notification/notificationHistory/get,notificationHistory,NotificationService.ts,detail
/otherFee/delete,delete,unknown,delete
/otherFee/get,get,unknown,detail
/otherFee/list,list,unknown,list
/otherFee/update,update,unknown,update
/parkingFee/delete,delete,unknown,delete
/parkingFee/get,get,unknown,detail
/parkingFee/list,list,unknown,list
/parkingFee/update,update,unknown,update
/productDemand/delete,delete,unknown,delete
/productDemand/get,get,unknown,get
/productDemand/list,list,unknown,lst
/productDemand/update,update,unknown,update
/product_import/delete,delete,unknown,delete
/product_import/detail,detail,unknown,detail
/product_import/update,update,unknown,update
/project/delete,delete,OperationProjectService.ts,delete
/project/get,get,OperationProjectService.ts,detail
/project/list,list,OperationProjectService.ts,list
/project/update,update,OperationProjectService.ts,update
/sale/contract-insurance/get/jssdk,contract-insurance,PurchaseRequestService.ts,getJssdk
/sale/renewalContract/initBusinessProcess,renewalContract,PurchaseRequestService.ts,renewalContract
/sale/workExchange/delete,workExchange,UserTaskService.ts,deleteWorkExchange
/sale/workExchange/get,workExchange,UserTaskService.ts,updateWorkExchange
/sale/workExchange/list,workExchange,UserTaskService.ts,workExchange
/sale/workExchange/update,workExchange,UserTaskService.ts,addWorkExchange
/sale/workInprogress/get,workInprogress,UserTaskService.ts,getWorkInprogress
/sale/workInprogress/list,workInprogress,UserTaskService.ts,getWorkInprogressList
/sale/workInprogress/update,workInprogress,UserTaskService.ts,updateWorkInprogress
/space/delete,delete,SpaceService.ts,delete
/space/get,get,SpaceService.ts,detail
/space/list,list,SpaceService.ts,list
/space/update,update,SpaceService.ts,update
/spaceCustomer/delete,delete,SpaceCustomerService.ts,delete
/spaceCustomer/get,get,SpaceCustomerService.ts,detail
/spaceCustomer/list,list,SpaceCustomerService.ts,list
/spaceCustomer/update,update,SpaceCustomerService.ts,update
/spaceType/delete,delete,SpaceTypeService.ts,delete
/spaceType/get,get,SpaceTypeService.ts,detail
/spaceType/list,list,SpaceTypeService.ts,list
/spaceType/update,update,SpaceTypeService.ts,update
/stockAdjust/approved,approved,unknown,approved
/stockAdjust/cancel,cancel,unknown,cancel
/stockAdjust/create,create,unknown,createAdjSlip
/stockAdjust/list,list,unknown,list
/stockAdjust/temp,temp,unknown,temp
/stockAdjust/view,view,unknown,view
/stockAdjustDetail/delete,delete,unknown,deletePro
/stockAdjustDetail/update,update,unknown,addUpdatePro
/system/employee/assignees,employee,UserTaskService.ts,employeeAssignees
/system/employee/managers,employee,UserTaskService.ts,employeeManagers
/transactionInformation/delete,delete,unknown,delete
/transactionInformation/get,get,unknown,get
/transactionInformation/list,list,unknown,lst
/transactionInformation/update,update,unknown,update
/utilityReading/delete,delete,unknown,delete
/utilityReading/get,get,unknown,detail
/utilityReading/list,list,unknown,list
/utilityReading/update,update,unknown,update
/vehicle/delete,delete,VehicleService.ts,delete
/vehicle/get,get,VehicleService.ts,detail
/vehicle/list,list,VehicleService.ts,list
/vehicle/update,update,VehicleService.ts,update
/vehicleRegistration/delete,delete,unknown,delete
/vehicleRegistration/get,get,unknown,detail
/vehicleRegistration/list,list,unknown,list
/vehicleRegistration/update,update,unknown,update
/warehouse/get_mfg_expired_date,get_mfg_expired_date,WarehouseService.ts,infoExpiryDateProductionDate
/warehouse/list,list,WarehouseService.ts,list
/warehouse/product/list,product,WarehouseService.ts,productList
/waterRate/delete,delete,unknown,delete
/waterRate/get,get,unknown,detail
/waterRate/list,list,unknown,list
/waterRate/update,update,unknown,update